{
    "common/vehicle_in/vehicle_50ms": "messages.common.vehicle_in.vehicle_50ms_pb2.VEH50ms",
    "common/vehicle_in/pwrswapstn_info": "messages.common.vehicle_in.pwrswapstn_info_pb2.PsapStationInfo",
    "common/vehicle_in/vehicle_10ms": "messages.common.vehicle_in.vehicle_10ms_pb2.VEH10ms",
    "common/platform/hw_manager/shutdown_acknowledge": "messages.common.platform.hw_manager.shutdown_acknowledge_pb2.ShutdownAcknowledge",
    "common/platform/hw_manager/shutdown_broadcast": "messages.common.platform.hw_manager.shutdown_broadcast_pb2.ShutdownBroadcast",
    "common/platform/hw_manager/hardware_mode_broadcast": "messages.common.platform.hw_manager.hardware_mode_broadcast_pb2.HardwareModeBroadcast",
    "common/platform/mcu_proxy/mcu_frame_sync_ts": "messages.common.platform.mcu_proxy.mcu_frame_sync_ts_pb2.McuFrameSyncTs",
    "common/platform/mcu_proxy/vehicle/vehicle_info": "messages.common.platform.mcu_proxy.vehicle.vehicle_info_pb2.VehicleInfo",
    "common/platform/mcu_proxy/vehicle/vehicle_uuid": "messages.common.platform.mcu_proxy.vehicle.vehicle_uuid_pb2.Vehicle_UUID",
    "common/platform/mcu_proxy/vehicle/vehicle_variant_code": "messages.common.platform.mcu_proxy.vehicle.vehicle_variant_code_pb2.VehVariantCode",
    "common/platform/mcu_proxy/vehicle/vehicle_identifier_response": "messages.common.platform.mcu_proxy.vehicle.vehicle_identifier_response_pb2.VehicleIdentifierResp",
    "common/platform/mcu_proxy/vehicle/vehicle_identifier_request": "messages.common.platform.mcu_proxy.vehicle.vehicle_identifier_request_pb2.VehicleIdentifierReq",
    "common/map_engine/sd_map": "messages.common.map_engine.sd_map_pb2.SdMap",
    "common/map_engine/map_engine_log": "messages.common.map_engine.map_engine_log_pb2.MapEngineLog",
    "common/map_engine/map_engine_to_dlb_response": "messages.common.map_engine.map_engine_to_dlb_response_pb2.MapInfoResp",
    "common/map_engine/route_match_request_package": "messages.common.map_engine.route_match_request_package_pb2.RouteMatchRequestPackage",
    "common/map_engine/global_hd_routes": "messages.common.map_engine.global_hd_routes_pb2.GlobalRouting",
    "common/map_engine/sd_map_inquiry_result": "messages.common.map_engine.sd_map_inquiry_result_pb2.SdMapInquiryResult",
    "common/map_engine/hd_map": "messages.common.map_engine.hd_map_pb2.HdMap",
    "common/map_engine/sd_map_package": "messages.common.map_engine.sd_map_package_pb2.SdMapPackage",
    "common/dms/dms_dlb": "messages.common.dms.dms_dlb_pb2.DMS_DLB",
    "common/dms/dms_can": "messages.common.dms.dms_can_pb2.DMS_CAN",
    "common/dms/dms_facedet_in": "messages.common.dms.dms_facedet_in_pb2.FaceDetn_in",
    "common/dms/dms_ae_status": "messages.common.dms.dms_ae_status_pb2.DMS_AE_Status",
    "common/dms/dms_da_dlb": "messages.common.dms.dms_da_dlb_pb2.DMS_DA_DLB",
    "common/dms/dms_facedet_out": "messages.common.dms.dms_facedet_out_pb2.FaceDetn_out",
    "common/dms/dms_led_status": "messages.common.dms.dms_led_status_pb2.DMS_LED_Status",
    "common/dms/dms_led_ctrl": "messages.common.dms.dms_led_ctrl_pb2.DMS_LED",
    "common/dms/dms_result": "messages.common.dms.dms_result_pb2.DMS_Result",
    "common/dms/dms_ae_ctrl": "messages.common.dms.dms_ae_ctrl_pb2.DMS_AE",
    "common/dms/dms_eas": "messages.common.dms.dms_eas_pb2.DMS_EAS",
    "common/dms/dms_drive_assist": "messages.common.dms.dms_drive_assist_pb2.DMS_DA",
    "common/hdmap/hdmap_issue_notification": "messages.common.hdmap.hdmap_issue_notification_pb2.HDMapIssueNotification",
    "common/cfgmgr/cfg_task_action_resp": "messages.common.cfgmgr.cfg_task_action_resp_pb2.CfgTaskActionResp",
    "common/cfgmgr/cfg_reminder_request": "messages.common.cfgmgr.cfg_reminder_request_pb2.ReminderList",
    "common/cfgmgr/cfg_task_action": "messages.common.cfgmgr.cfg_task_action_pb2.CfgTaskAction",
    "common/cfgmgr/cfg_task_switch": "messages.common.cfgmgr.cfg_task_switch_pb2.CfgTaskSwitch",
    "common/cfgmgr/cfg_reminder_resp": "messages.common.cfgmgr.cfg_reminder_resp_pb2.ReminderRespList",
    "common/parking/cruise_parking_to_map_engine": "messages.common.parking.cruise_parking_to_map_engine_pb2.CruiseParkingToMapEngine",
    "common/parking/map_engine_to_cruise_parking": "messages.common.parking.map_engine_to_cruise_parking_pb2.MapEngineToCruiseParking",
    "common/parking/cruise_parking_to_routing": "messages.common.parking.cruise_parking_to_routing_pb2.CruiseParkingToRouting",
    "common/parking/hmi_sim_to_cruise_parking": "messages.common.parking.hmi_sim_to_cruise_parking_pb2.HmiSimToPilotParking",
    "common/parking/cruise_parking_to_hmi_sim": "messages.common.parking.cruise_parking_to_hmi_sim_pb2.CruiseParkingToHmiSim",
    "common/snap/scene_snapshot": "messages.common.snap.scene_snapshot_pb2.SceneSnapshotList",
    "common/sensors/camera_compress_data": "messages.common.sensors.camera_compress_data_pb2.CameraCompressData",
    "common/sensors/radar_status": "messages.common.sensors.radar_status_pb2.RadarFaultStatus",
    "common/sensors/mcu_camera_status": "messages.common.sensors.mcu_camera_status_pb2.MCUCameraStatus",
    "common/sensors/radar_alignment_status": "messages.common.sensors.radar_alignment_status_pb2.RadarAlignmentMessages",
    "common/sensors/pvat": "messages.common.sensors.pvat_pb2.PVATResult",
    "common/sensors/gps": "messages.common.sensors.gps_pb2.GPSFrame",
    "common/sensors/camera_status": "messages.common.sensors.camera_status_pb2.CameraStatus",
    "common/sensors/dead_reckoning": "messages.common.sensors.dead_reckoning_pb2.DRResult",
    "common/sensors/camerasal_to_ECOplus_resp": "messages.common.sensors.camerasal_to_ECOplus_resp_pb2.CamSALtoGoECOplusFdbk",
    "common/sensors/CameraReq": "messages.common.sensors.CameraReq_pb2.CameraReq",
    "common/sensors/imu": "messages.common.sensors.imu_pb2.IMUFrame",
    "common/sensors/gnss_result": "messages.common.sensors.gnss_result_pb2.GnssResult",
    "common/sensors/camera_data": "messages.common.sensors.camera_data_pb2.CameraData",
    "common/sensors/camera_signal_data": "messages.common.sensors.camera_signal_data_pb2.CameraSigData",
    "common/aa_state/aa_base_algorithms_status": "messages.common.aa_state.aa_base_algorithms_status_pb2.AABaseAlgorithmsStatus",
    "common/aa_state/aa_state_broadcast": "messages.common.aa_state.aa_state_broadcast_pb2.AaStateBroadcast",
    "common/aa_state/aa_state_report": "messages.common.aa_state.aa_state_report_pb2.AaStateReport",
    "common/localization/relative_localization": "messages.common.localization.relative_localization_pb2.RelativeLocalization",
    "common/localization/global_localization": "messages.common.localization.global_localization_pb2.GlobalLocalization",
    "common/calibration/online_calibration": "messages.common.calibration.online_calibration_pb2.OnlineCalibrationNotification",
    "common/calibration/eol_imu_response": "messages.common.calibration.eol_imu_response_pb2.EolImuResp",
    "common/calibration/eol_imu_request": "messages.common.calibration.eol_imu_request_pb2.EolImuReq",
    "common/perception/side_feature": "messages.common.perception.side_feature_pb2.ForceSideFeatures",
    "common/perception/vision_feature_flag": "messages.common.perception.vision_feature_flag_pb2.Features",
    "common/perception/radar_object": "messages.common.perception.radar_object_pb2.RadarSensor",
    "common/perception/freespace_euclidean_space": "messages.common.perception.freespace_euclidean_space_pb2.FreeSpaceDetectionEuclidean",
    "common/perception/free_space": "messages.common.perception.free_space_pb2.FreeSpaceDetection",
    "common/perception/side_feature_objects": "messages.common.perception.side_feature_objects_pb2.SideFeatObj",
    "common/perception/vision_vehicle_light": "messages.common.perception.vision_vehicle_light_pb2.VehicleLightDetection",
    "common/perception/vision_failsafe": "messages.common.perception.vision_failsafe_pb2.FailSafeDetection",
    "common/perception/vision_road_detection": "messages.common.perception.vision_road_detection_pb2.RoadDetection",
    "common/perception/perception_objects": "messages.common.perception.perception_objects_pb2.ObjectsDetection",
    "common/perception/lidar_failsafe": "messages.common.perception.lidar_failsafe_pb2.Lidar_FailSafeDetection",
    "common/perception/road_perception_2d": "messages.common.perception.road_perception_2d_pb2.LaneList",
    "common/perception/od_output": "messages.common.perception.od_output_pb2.ODOutputPb",
    "common/perception/vision_illumnance_flag": "messages.common.perception.vision_illumnance_flag_pb2.IlluminanceFeatures",
    "common/perception/vision_traffic_sign": "messages.common.perception.vision_traffic_sign_pb2.TrafficSignDetection",
    "common/perception/svc_perception": "messages.common.perception.svc_perception_pb2.SVCPerception",
    "common/perception/vision_traffic_light": "messages.common.perception.vision_traffic_light_pb2.TrafficLightDetection",
    "common/pnc/cdm_trigger": "messages.common.pnc.cdm_trigger_pb2.CDMTrigger",
    "common/nop/nop_scenemgmt": "messages.common.nop.nop_scenemgmt_pb2.NopSceneMgmt",
    "common/nop/nop_functionstatus": "messages.common.nop.nop_functionstatus_pb2.NopFunctionStatus",
    "common/nop/nop_chassis_control": "messages.common.nop.nop_chassis_control_pb2.NopChassisControl",
    "common/nop/nop_vehicleout": "messages.common.nop.nop_vehicleout_pb2.NopVehicleOut",
    "common/nop/nop_speed": "messages.common.nop.nop_speed_pb2.NopSpeed",
    "common/nop/nop_speedlimitvalue": "messages.common.nop.nop_speedlimitvalue_pb2.NopSpeedLimitValue",
    "common/nop/task_scheduler/power_swap_pilot_event": "messages.common.nop.task_scheduler.power_swap_pilot_event_pb2.PowerSwapPilotEvent",
    "common/nop/task_scheduler/service_area_point_cloud_map_request": "messages.common.nop.task_scheduler.service_area_point_cloud_map_request_pb2.ServiceAreaPointCloudMapRequest",
    "common/nop/task_scheduler/power_swap_pilot_state": "messages.common.nop.task_scheduler.power_swap_pilot_state_pb2.PowerSwapPilotState",
    "common/nop/task_scheduler/service_area_point_cloud_map_response": "messages.common.nop.task_scheduler.service_area_point_cloud_map_response_pb2.ServiceAreaPointCloudMapResponse",
    "common/nop/task_scheduler/power_swap_pilot_state_compress": "messages.common.nop.task_scheduler.power_swap_pilot_state_compress_pb2.PowerSwapPilotStateCompress",
    "common/nop/task_scheduler/power_swap_pilot_event_compress": "messages.common.nop.task_scheduler.power_swap_pilot_event_compress_pb2.PowerSwapPilotEventCompress",
    "common/dlb/dlb_file_download": "messages.common.dlb.dlb_file_download_pb2.DLBFileDownload",
    "common/dlb/record_response": "messages.common.dlb.record_response_pb2.DlbResponse",
    "common/dlb/datafilter_event": "messages.common.dlb.datafilter_event_pb2.DataFilterEvent",
    "common/dlb/record_log_event": "messages.common.dlb.record_log_event_pb2.LogDlbEvent",
    "common/dlb/dlb_file_download_response": "messages.common.dlb.dlb_file_download_response_pb2.DLBFileDownloadResponse",
    "common/dlb/record_dds_event": "messages.common.dlb.record_dds_event_pb2.DdsDlbEvent",
    "common/dlb/record_lidar_event": "messages.common.dlb.record_lidar_event_pb2.LidarDlbEvent",
    "common/dlb/dlb_message_upload": "messages.common.dlb.dlb_message_upload_pb2.DLBMessageUpload",
    "common/dlb/data_desensitization_resp_ack": "messages.common.dlb.data_desensitization_resp_ack_pb2.DataDesensitizationRespAck",
    "common/dlb/hdmap_download_file_response": "messages.common.dlb.hdmap_download_file_response_pb2.HDMapDownloadFileResponse",
    "common/dlb/hdmap_download_file": "messages.common.dlb.hdmap_download_file_pb2.HDMapDownloadFile",
    "common/dlb/hdmap_update_request": "messages.common.dlb.hdmap_update_request_pb2.HDMapUpdateRequest",
    "common/dlb/app_action": "messages.common.dlb.app_action_pb2.AppAction",
    "common/dlb/event_triggered_report": "messages.common.dlb.event_triggered_report_pb2.EventTriggeredReq",
    "common/dlb/hdmap_version_request": "messages.common.dlb.hdmap_version_request_pb2.HDMapVersionRequest",
    "common/dlb/data_desensitization_resp": "messages.common.dlb.data_desensitization_resp_pb2.DataDesensitizationResp",
    "common/dlb/dlb_message_download": "messages.common.dlb.dlb_message_download_pb2.DLBMessageDownload",
    "common/dlb/datafilter_response": "messages.common.dlb.datafilter_response_pb2.DataFilterEventResponse",
    "common/dlb/data_triggered_req": "messages.common.dlb.data_triggered_req_pb2.DataTriggeredReq",
    "common/dlb/dlb_message_upload_response": "messages.common.dlb.dlb_message_upload_response_pb2.DLBMessageUploadResponse",
    "common/dlb/record_camera_event": "messages.common.dlb.record_camera_event_pb2.CamDlbEvent",
    "common/dlb/data_desensitization_request_ack": "messages.common.dlb.data_desensitization_request_ack_pb2.DataDesensitizationReqAck",
    "common/dlb/dlb_file_upload": "messages.common.dlb.dlb_file_upload_pb2.DLBFileUpload",
    "common/dlb/hdmap_update_response": "messages.common.dlb.hdmap_update_response_pb2.HDMapUpdateResponse",
    "common/dlb/dlb_file_upload_response": "messages.common.dlb.dlb_file_upload_response_pb2.DLBFileUploadResponse",
    "common/dlb/hdmap_version_response": "messages.common.dlb.hdmap_version_response_pb2.HDMapVersionResponse",
    "common/dlb/map_info_request": "messages.common.dlb.map_info_request_pb2.MapInfoReq",
    "common/dlb/app_action_resp": "messages.common.dlb.app_action_resp_pb2.AppActionResp",
    "common/dlb/data_desensitization_request": "messages.common.dlb.data_desensitization_request_pb2.DataDesensitizationReq",
    "common/dlb/dlb_message_download_response": "messages.common.dlb.dlb_message_download_response_pb2.DLBMessageDownloadResponse",
    "common/esd/esd_perception_objects": "messages.common.esd.esd_perception_objects_pb2.esd_ObjectsDetection",
    "common/esd/esd_status": "messages.common.esd.esd_status_pb2.esd_status",
    "common/esd/esd_vision_road_detection": "messages.common.esd.esd_vision_road_detection_pb2.esd_RoadDetection",
    "common/esd/esd_np_feature": "messages.common.esd.esd_np_feature_pb2.esd_np_feature",
    "common/diagnostic/fault/fault_mcu_camera": "messages.common.diagnostic.fault.fault_mcu_camera_pb2.CameraFaultInfoFromMCU",
    "common/diagnostic/fault/fault_lidar_internal": "messages.common.diagnostic.fault.fault_lidar_internal_pb2.LidarInternalFaultInfo",
    "common/diagnostic/fault/fault_camera_linkage": "messages.common.diagnostic.fault.fault_camera_linkage_pb2.CameraLinkageFaultInfo",
    "common/diagnostic/fault/fault_can_feature": "messages.common.diagnostic.fault.fault_can_feature_pb2.CanFeatureFaultInfo",
    "common/diagnostic/fault/fault_lidar_data": "messages.common.diagnostic.fault.fault_lidar_data_pb2.LidarDataFaultInfo",
    "common/diagnostic/fault/fault_soc_camera": "messages.common.diagnostic.fault.fault_soc_camera_pb2.CameraFaultInfoFromSOC",
    "common/diagnostic/fault/fault_perception": "messages.common.diagnostic.fault.fault_perception_pb2.PerceptionFaultInfo",
    "common/diagnostic/fault/fault_failsafe": "messages.common.diagnostic.fault.fault_failsafe_pb2.FailsafeFaultInfo",
    "common/diagnostic/fault/fault_mcuwithsoc_can": "messages.common.diagnostic.fault.fault_mcuwithsoc_can_pb2.MCUWithSOCFaultInfo",
    "common/diagnostic/fault/fault_dds": "messages.common.diagnostic.fault.fault_dds_pb2.DDSFaultInfo",
    "common/diagnostic/fault/fault_pe": "messages.common.diagnostic.fault.fault_pe_pb2.PEFaultInfo",
    "common/diagnostic/fault/dms_fault_info": "messages.common.diagnostic.fault.dms_fault_info_pb2.DMS_FaultInfo",
    "common/diagnostic/fault/fault_mcu_system": "messages.common.diagnostic.fault.fault_mcu_system_pb2.McuSystemFaultInfo",
    "common/diagnostic/fault/fault_mcu_can": "messages.common.diagnostic.fault.fault_mcu_can_pb2.McuCanFaultInfo",
    "common/diagnostic/fault/fault_fw_calibration": "messages.common.diagnostic.fault.fault_fw_calibration_pb2.FWCalibrationFaultInfo",
    "common/diagnostic/fault/fault_software": "messages.common.diagnostic.fault.fault_software_pb2.SWFaultInfo",
    "common/diagnostic/sys/sys_status": "messages.common.diagnostic.sys.sys_status_pb2.SysInfo",
    "common/diagnostic/fim/fim_can_feature": "messages.common.diagnostic.fim.fim_can_feature_pb2.CanFeatureFimInfo",
    "common/diagnostic/fim/fim_power_rail": "messages.common.diagnostic.fim.fim_power_rail_pb2.PowerFimInfo",
    "common/diagnostic/fim/fim_mcu_system": "messages.common.diagnostic.fim.fim_mcu_system_pb2.McuSystemFimInfo",
    "common/diagnostic/fim/fim_mcuwithsoc_can": "messages.common.diagnostic.fim.fim_mcuwithsoc_can_pb2.MCUWithSOCFimInfo",
    "common/diagnostic/fim/fim_software": "messages.common.diagnostic.fim.fim_software_pb2.FimSoftwareInfo",
    "common/diagnostic/fim/fim_lidar": "messages.common.diagnostic.fim.fim_lidar_pb2.LidarFimInfo",
    "common/diagnostic/fim/fim_can": "messages.common.diagnostic.fim.fim_can_pb2.FimCanInfo",
    "common/diagnostic/fim/fim_cameras": "messages.common.diagnostic.fim.fim_cameras_pb2.CameraFimInfo",
    "common/diagnostic/fim/fim_perception": "messages.common.diagnostic.fim.fim_perception_pb2.PerceptionFimInfo",
    "common/coapp/cdm_model": "messages.common.coapp.cdm_model_pb2.CdmModelResult",
    "common/coapp/coapp_info_resp": "messages.common.coapp.coapp_info_resp_pb2.CoAppInfoResp",
    "common/coapp/coapp_info_req": "messages.common.coapp.coapp_info_req_pb2.CoAppInfoReq",
    "common/vehicle_out/psap_ui_results_eth": "messages.common.vehicle_out.psap_ui_results_eth_pb2.psapObjectInfo",
    "common/vehicle_out/sapa_ui_results_eth": "messages.common.vehicle_out.sapa_ui_results_eth_pb2.sapaUiInfo",
    "common/vehicle_out/ads": "messages.common.vehicle_out.ads_pb2.ADS",
    "common/function_arb/function_arb_out": "messages.common.function_arb.function_arb_out_pb2.FunctionRequestBook",
    "common/someip_proxy/vehicle_privacy_switch": "messages.common.someip_proxy.vehicle_privacy_switch_pb2.VehPrivacySwt",
    "common/someip_proxy/gnss_switch_response": "messages.common.someip_proxy.gnss_switch_response_pb2.GNSSSwitchResponse",
    "common/someip_proxy/gnss_switch_request": "messages.common.someip_proxy.gnss_switch_request_pb2.GNSSSwitchRequest",
    "common/debug/dgb_function_arb": "messages.common.debug.dgb_function_arb_pb2.FuncArbDebugOut",
    "np/apps/arb_out": "messages.np.apps.arb_out_pb2.ARBOut",
    "np/apps/fcts_out": "messages.np.apps.fcts_out_pb2.FctsOut",
    "np/apps/parking_perception_command": "messages.np.apps.parking_perception_command_pb2.ParkingPerceptionCommand",
    "np/apps/dlb_rme_msmt": "messages.np.apps.dlb_rme_msmt_pb2.DLBRMEDebugMeas",
    "np/apps/ehy_sin_outputs": "messages.np.apps.ehy_sin_outputs_pb2.EHYSINOutputs",
    "np/apps/dlb_tsi_msmt": "messages.np.apps.dlb_tsi_msmt_pb2.DLBTSIDebugMeas",
    "np/apps/ehy_tsr_outputs": "messages.np.apps.ehy_tsr_outputs_pb2.EHYTsrOutputs",
    "np/apps/ehy_evd_outputs": "messages.np.apps.ehy_evd_outputs_pb2.EHYEvdOutputs",
    "np/apps/ehy_tsi_outputs": "messages.np.apps.ehy_tsi_outputs_pb2.EHYTsiOutputs",
    "np/apps/ehy_obf_outputs": "messages.np.apps.ehy_obf_outputs_pb2.EHYObfOutputs",
    "np/apps/ehy_operation_outputs": "messages.np.apps.ehy_operation_outputs_pb2.FeatureOperationInfo",
    "np/apps/fct_dlb": "messages.np.apps.fct_dlb_pb2.FCTDlbOut",
    "np/apps/dlb_evd_msmt": "messages.np.apps.dlb_evd_msmt_pb2.DLBEVDDebugMeas",
    "np/apps/fct_out": "messages.np.apps.fct_out_pb2.FctOut",
    "np/apps/ehy_tpp_outputs": "messages.np.apps.ehy_tpp_outputs_pb2.EHYTppOutputs",
    "np/apps/ehy_ego_outputs": "messages.np.apps.ehy_ego_outputs_pb2.EHYEgoOutputs",
    "np/apps/ehy_tse_outputs": "messages.np.apps.ehy_tse_outputs_pb2.EHYTseOutputs",
    "np/apps/dlb_hmi_msmt": "messages.np.apps.dlb_hmi_msmt_pb2.DLBHMIDebugMeas",
    "np/apps/ehy_ha_outputs": "messages.np.apps.ehy_ha_outputs_pb2.EHYHaOutputs",
    "np/apps/localization_outputs": "messages.np.apps.localization_outputs_pb2.Localization",
    "np/apps/ehy_lpp_outputs": "messages.np.apps.ehy_lpp_outputs_pb2.EHYLppOutputs",
    "np/apps/dlb_obf_msmt": "messages.np.apps.dlb_obf_msmt_pb2.DLBOBFDebugMeas",
    "np/apps/ehy_rme_road_outputs": "messages.np.apps.ehy_rme_road_outputs_pb2.EHYRmeOutputs",
    "np/apps/parking_outputs": "messages.np.apps.parking_outputs_pb2.ParkingOut",
    "np/apps/parking/par_apa_input": "messages.np.apps.parking.par_apa_input_pb2.InternalStatus",
    "np/apps/parking/par_semantic_map": "messages.np.apps.parking.par_semantic_map_pb2.ParSemanticMap",
    "np/apps/parking/par_state_machine": "messages.np.apps.parking.par_state_machine_pb2.StateMachine",
    "np/apps/parking/par_location": "messages.np.apps.parking.par_location_pb2.ParFusedLocation",
    "np/apps/parking/par_planning": "messages.np.apps.parking.par_planning_pb2.ParkingTrajectory",
    "np/apps/parking/par_objmap": "messages.np.apps.parking.par_objmap_pb2.ParObjMap",
    "np/apps/parking/par_control_out": "messages.np.apps.parking.par_control_out_pb2.ParkingControlSts",
    "np/apps/parking/par_gridmap": "messages.np.apps.parking.par_gridmap_pb2.ParGridMap",
    "np/apps/parking/par_collision_dst": "messages.np.apps.parking.par_collision_dst_pb2.ParCollisionDst",
    "np/debug/dgb_par_planning": "messages.np.debug.dgb_par_planning_pb2.PlanningDebugOut",
    "np/debug/dgb_ehy_meas": "messages.np.debug.dgb_ehy_meas_pb2.EHYDebugMeas",
    "np/debug/dgb_par_loc": "messages.np.debug.dgb_par_loc_pb2.ParLocDebugOut",
    "np/debug/dgb_fct": "messages.np.debug.dgb_fct_pb2.FCTDebugOut",
    "np/debug/dgb_aebstrategy": "messages.np.debug.dgb_aebstrategy_pb2.AEBDebugOut",
    "np/debug/dgb_aeb_strtg": "messages.np.debug.dgb_aeb_strtg_pb2.dgbAebOut",
    "np/debug/dgb_par_control": "messages.np.debug.dgb_par_control_pb2.ControlCommand",
    "np/debug/dgb_par_env": "messages.np.debug.dgb_par_env_pb2.ParEnvDebug",
    "np/debug/dgb_par_bind": "messages.np.debug.dgb_par_bind_pb2.ParBindDebugOut",
    "np/debug/dgb_ehy": "messages.np.debug.dgb_ehy_pb2.EHYDebugOut",
    "np/debug/adviz/polygon": "messages.np.debug.adviz.polygon_pb2.PolygonStamped",
    "np/debug/adviz/marker_array": "messages.np.debug.adviz.marker_array_pb2.MarkerArray",
    "np/debug/adviz/nav": "messages.np.debug.adviz.nav_pb2.NavSatFix",
    "np/debug/adviz/image_marker_array": "messages.np.debug.adviz.image_marker_array_pb2.ImageMarkerArray",
    "np/debug/adviz/log": "messages.np.debug.adviz.log_pb2.Log",
    "np/debug/adviz/point_cloud": "messages.np.debug.adviz.point_cloud_pb2.PointCloud2",
    "np/debug/adviz/image": "messages.np.debug.adviz.image_pb2.CompressedImage",
    "np/debug/adviz/tf": "messages.np.debug.adviz.tf_pb2.TFMessage",
    "np/debug/adviz/path": "messages.np.debug.adviz.path_pb2.Path",
    "internal/perf_monitor": "messages.internal.perf_monitor_pb2.SampleBatch",
    "internal/launcher_status_S1": "messages.internal.launcher_status_pb2.LauncherStatus",
    "internal/launcher_status_S2": "messages.internal.launcher_status_pb2.LauncherStatus",
    "internal/launcher_status_S3": "messages.internal.launcher_status_pb2.LauncherStatus",
    "internal/launcher_status_S4": "messages.internal.launcher_status_pb2.LauncherStatus"
}